user_id,account_id,transaction_id,posted_date,amount,merchant,description,user_category,is_planted_anomaly
u000000,u000000-chk,u000000-000000,2024-09-01,2456.64,Bluepeak Labs Payroll,BLUEPEAK LABS PAYROLL DIRECT DEP,,false
u000000,u000000-chk,u000000-000001,2024-09-01,-1386.56,Riverside Apartments,RIVERSIDE APARTMENTS RENT,,false
u000000,u000000-crd,u000000-000002,2024-09-01,-30.33,Sprout Salads,SPROUT SALADS CARD PURCHASE,,false
u000000,u000000-crd,u000000-000003,2024-09-02,-11.99,Readly Books,READLY BOOKS RECURRING,,false
u000000,u000000-crd,u000000-000004,2024-09-06,-77.55,Greenleaf Market,GREENLEAF MARKET CARD PURCHASE,,false
u000000,u000000-crd,u000000-000005,2024-09-09,-30.28,Luna Noodle Bar,LUNA NOODLE BAR CARD PURCHASE,,false
u000000,u000000-crd,u000000-000006,2024-09-10,-5.99,Podnest Premium,PODNEST PREMIUM RECURRING,,false
u000000,u000000-crd,u000000-000007,2024-09-11,-10.99,Tunewave,TUNEWAVE RECURRING,,false
u000000,u000000-crd,u000000-000008,2024-09-13,-128.65,Harvest Grocer,HARVEST GROCER CARD PURCHASE,,false
u000000,u000000-crd,u000000-000009,2024-09-14,-41.83,Sprout Salads,SPROUT SALADS CARD PURCHASE,,false
u000000,u000000-chk,u000000-000010,2024-09-15,2456.64,Bluepeak Labs Payroll,BLUEPEAK LABS PAYROLL DIRECT DEP,,false
u000000,u000000-crd,u000000-000011,2024-09-17,-35.84,Ember Pizza,EMBER PIZZA CARD PURCHASE,,false
u000000,u000000-crd,u000000-000012,2024-09-18,-2.99,CloudVault,CLOUDVAULT RECURRING,,false
u000000,u000000-crd,u000000-000013,2024-09-18,-41.82,Sprout Salads,SPROUT SALADS CARD PURCHASE,,false
u000000,u000000-crd,u000000-000014,2024-09-19,-40.45,Luna Noodle Bar,LUNA NOODLE BAR CARD PURCHASE,,false
u000000,u000000-crd,u000000-000015,2024-09-20,-117.04,Greenleaf Market,GREENLEAF MARKET CARD PURCHASE,,false
u000000,u000000-chk,u000000-000016,2024-09-21,-689.80,Harbor Bank,TRANSFER TO SAVINGS,,false
u000000,u000000-crd,u000000-000017,2024-09-21,-39.00,FitHub Gym,FITHUB GYM RECURRING,,false
u000000,u000000-sav,u000000-000018,2024-09-21,689.80,Harbor Bank,TRANSFER FROM CHECKING,,false
u000000,u000000-crd,u000000-000019,2024-09-25,-50.11,Ember Pizza,EMBER PIZZA CARD PURCHASE,,false
u000000,u000000-crd,u000000-000020,2024-09-26,-29.40,Ember Pizza,EMBER PIZZA CARD PURCHASE,,false
u000000,u000000-crd,u000000-000021,2024-09-27,-113.14,Corner Pantry,CORNER PANTRY CARD PURCHASE,Groceries,false
u000000,u000000-crd,u000000-000022,2024-09-27,-14.99,GameArc,GAMEARC RECURRING,,false
u000000,u000000-crd,u000000-000023,2024-09-27,-48.75,Sprout Salads,SPROUT SALADS CARD PURCHASE,,false
u000000,u000000-crd,u000000-000024,2024-09-30,-35.72,Blue Door Cafe,BLUE DOOR CAFE CARD PURCHASE,,false
u000000,u000000-crd,u000000-000025,2024-09-30,-33.47,Blue Door Cafe,BLUE DOOR CAFE CARD PURCHASE,,false
u000000,u000000-chk,u000000-000026,2024-10-01,2456.64,Bluepeak Labs Payroll,BLUEPEAK LABS PAYROLL DIRECT DEP,,false
u000000,u000000-chk,u000000-000027,2024-10-01,-1386.56,Riverside Apartments,RIVERSIDE APARTMENTS RENT,,false
u000000,u000000-crd,u000000-000028,2024-10-02,-11.99,Readly Books,READLY BOOKS RECURRING,,false
u000000,u000000-crd,u000000-000029,2024-10-04,-36.47,Ember Pizza,EMBER PIZZA CARD PURCHASE,,false
u000000,u000000-chk,u000000-000030,2024-10-05,-940.33,Beacon Card,BEACON CARD AUTOPAY PAYMENT,,false
u000000,u000000-crd,u000000-000031,2024-10-06,-157.12,Corner Pantry,CORNER PANTRY CARD PURCHASE,,false
u000000,u000000-crd,u000000-000032,2024-10-06,940.33,Beacon Card,PAYMENT RECEIVED THANK YOU,,false
u000000,u000000-crd,u000000-000033,2024-10-06,-23.53,Sprout Salads,SPROUT SALADS CARD PURCHASE,,false
u000000,u000000-crd,u000000-000034,2024-10-10,-42.54,Luna Noodle Bar,LUNA NOODLE BAR CARD PURCHASE,,false
u000000,u000000-crd,u000000-000035,2024-10-10,-5.99,Podnest Premium,PODNEST PREMIUM RECURRING,,false
u000000,u000000-crd,u000000-000036,2024-10-11,-10.99,Tunewave,TUNEWAVE RECURRING,,false
u000000,u000000-crd,u000000-000037,2024-10-12,-45.28,Luna Noodle Bar,LUNA NOODLE BAR CARD PURCHASE,,false
u000000,u000000-crd,u000000-000038,2024-10-13,-200.25,Greenleaf Market,GREENLEAF MARKET CARD PURCHASE,,false
u000000,u000000-crd,u000000-000039,2024-10-14,-286.16,Sprout Salads,SPROUT SALADS CARD PURCHASE,,true
u000000,u000000-chk,u000000-000040,2024-10-15,2456.64,Bluepeak Labs Payroll,BLUEPEAK LABS PAYROLL DIRECT DEP,,false
u000000,u000000-crd,u000000-000041,2024-10-16,-39.71,Sprout Salads,SPROUT SALADS CARD PURCHASE,,false
u000000,u000000-crd,u000000-000042,2024-10-17,-23.40,Ember Pizza,EMBER PIZZA CARD PURCHASE,,false
u000000,u000000-crd,u000000-000043,2024-10-18,-2.99,CloudVault,CLOUDVAULT RECURRING,,false
u000000,u000000-chk,u000000-000044,2024-10-20,-242.73,Harbor Bank,TRANSFER TO SAVINGS,,false
u000000,u000000-crd,u000000-000045,2024-10-20,-39.04,Blue Door Cafe,BLUE DOOR CAFE CARD PURCHASE,,false
u000000,u000000-crd,u000000-000046,2024-10-20,-114.90,Greenleaf Market,GREENLEAF MARKET CARD PURCHASE,,false
u000000,u000000-crd,u000000-000047,2024-10-21,-39.00,FitHub Gym,FITHUB GYM RECURRING,,false
u000000,u000000-chk,u000000-000048,2024-10-22,-594.20,Harbor Bank,TRANSFER TO SAVINGS,,false
u000000,u000000-sav,u000000-000049,2024-10-23,242.73,Harbor Bank,TRANSFER FROM CHECKING,,false
u000000,u000000-crd,u000000-000050,2024-10-24,-53.40,Luna Noodle Bar,LUNA NOODLE BAR CARD PURCHASE,,false
u000000,u000000-sav,u000000-000051,2024-10-26,594.20,Harbor Bank,TRANSFER FROM CHECKING,,false
u000000,u000000-crd,u000000-000052,2024-10-27,-47.15,Blue Door Cafe,BLUE DOOR CAFE CARD PURCHASE,,false
u000000,u000000-crd,u000000-000053,2024-10-27,-200.89,Corner Pantry,CORNER PANTRY CARD PURCHASE,,false
u000000,u000000-crd,u000000-000054,2024-10-27,-14.99,GameArc,GAMEARC RECURRING,,false
u000000,u000000-crd,u000000-000055,2024-10-29,-38.57,Sprout Salads,SPROUT SALADS CARD PURCHASE,,false
u000000,u000000-chk,u000000-000056,2024-11-01,2456.64,Bluepeak Labs Payroll,BLUEPEAK LABS PAYROLL DIRECT DEP,,false
u000000,u000000-chk,u000000-000057,2024-11-01,-1386.56,Riverside Apartments,RIVERSIDE APARTMENTS RENT,,false
u000000,u000000-crd,u000000-000058,2024-11-02,-11.99,Readly Books,READLY BOOKS RECURRING,,false
u000000,u000000-crd,u000000-000059,2024-11-04,-21.60,Sprout Salads,SPROUT SALADS CARD PURCHASE,,false
u000000,u000000-chk,u000000-000060,2024-11-05,-1434.36,Beacon Card,BEACON CARD AUTOPAY PAYMENT,,false
u000000,u000000-crd,u000000-000061,2024-11-05,-34.82,Luna Noodle Bar,LUNA NOODLE BAR CARD PURCHASE,,false
u000000,u000000-crd,u000000-000062,2024-11-05,1434.36,Beacon Card,PAYMENT RECEIVED THANK YOU,,false
u000000,u000000-crd,u000000-000063,2024-11-06,-153.24,Greenleaf Market,GREENLEAF MARKET CARD PURCHASE,,false
u000000,u000000-chk,u000000-000064,2024-11-09,-747.60,Harbor Bank,TRANSFER TO SAVINGS,,false
u000000,u000000-crd,u000000-000065,2024-11-10,-5.99,Podnest Premium,PODNEST PREMIUM RECURRING,,false
u000000,u000000-sav,u000000-000066,2024-11-10,747.60,Harbor Bank,TRANSFER FROM CHECKING,,false
u000000,u000000-crd,u000000-000067,2024-11-11,-10.99,Tunewave,TUNEWAVE RECURRING,,false
u000000,u000000-crd,u000000-000068,2024-11-12,-41.65,Sprout Salads,SPROUT SALADS CARD PURCHASE,,false
u000000,u000000-crd,u000000-000069,2024-11-13,-164.26,Corner Pantry,CORNER PANTRY CARD PURCHASE,Groceries,false
u000000,u000000-chk,u000000-000070,2024-11-15,2456.64,Bluepeak Labs Payroll,BLUEPEAK LABS PAYROLL DIRECT DEP,,false
u000000,u000000-chk,u000000-000071,2024-11-15,-581.21,Harbor Bank,TRANSFER TO SAVINGS,,false
u000000,u000000-crd,u000000-000072,2024-11-18,-2.99,CloudVault,CLOUDVAULT RECURRING,,false
u000000,u000000-crd,u000000-000073,2024-11-19,-32.77,Blue Door Cafe,BLUE DOOR CAFE CARD PURCHASE,,false
u000000,u000000-sav,u000000-000074,2024-11-19,581.21,Harbor Bank,TRANSFER FROM CHECKING,,false
u000000,u000000-crd,u000000-000075,2024-11-20,-168.07,Harvest Grocer,HARVEST GROCER CARD PURCHASE,,false
u000000,u000000-crd,u000000-000076,2024-11-21,-39.00,FitHub Gym,FITHUB GYM RECURRING,,false
u000000,u000000-crd,u000000-000077,2024-11-23,-39.49,Blue Door Cafe,BLUE DOOR CAFE CARD PURCHASE,,false
u000000,u000000-crd,u000000-000078,2024-11-27,-14.99,GameArc,GAMEARC RECURRING,,false
u000000,u000000-crd,u000000-000079,2024-11-27,-203.56,Greenleaf Market,GREENLEAF MARKET CARD PURCHASE,,false
u000000,u000000-crd,u000000-000080,2024-11-29,-39.71,Ember Pizza,EMBER PIZZA CARD PURCHASE,,false
u000000,u000000-crd,u000000-000081,2024-11-29,-37.79,Luna Noodle Bar,LUNA NOODLE BAR CARD PURCHASE,,false
u000000,u000000-crd,u000000-000082,2024-11-30,-31.55,Sprout Salads,SPROUT SALADS CARD PURCHASE,,false
u000001,u000001-chk,u000001-000000,2024-09-01,3372.46,Cedar Logistics Payroll,CEDAR LOGISTICS PAYROLL DIRECT DEP,,false
u000001,u000001-chk,u000001-000001,2024-09-01,-1960.40,Riverside Apartments,RIVERSIDE APARTMENTS RENT,,false
u000001,u000001-crd,u000001-000002,2024-09-02,-109.83,Corner Pantry,CORNER PANTRY CARD PURCHASE,Groceries,false
u000001,u000001-crd,u000001-000003,2024-09-03,-49.30,Luna Noodle Bar,LUNA NOODLE BAR CARD PURCHASE,,false
u000001,u000001-crd,u000001-000004,2024-09-06,-8.00,NewsDaily,NEWSDAILY RECURRING,,false
u000001,u000001-chk,u000001-000005,2024-09-07,-797.71,Harbor Bank,TRANSFER TO SAVINGS,,false
u000001,u000001-crd,u000001-000006,2024-09-08,-37.43,Blue Door Cafe,BLUE DOOR CAFE CARD PURCHASE,,false
u000001,u000001-crd,u000001-000007,2024-09-08,-35.45,Sprout Salads,SPROUT SALADS CARD PURCHASE,,false
u000001,u000001-sav,u000001-000008,2024-09-08,797.71,Harbor Bank,TRANSFER FROM CHECKING,,false
u000001,u000001-crd,u000001-000009,2024-09-09,-133.90,Corner Pantry,CORNER PANTRY CARD PURCHASE,Groceries,false
u000001,u000001-crd,u000001-000010,2024-09-13,-12.24,Blue Door Cafe,BLUE DOOR CAFE CARD PURCHASE,,false
u000001,u000001-chk,u000001-000011,2024-09-15,3372.46,Cedar Logistics Payroll,CEDAR LOGISTICS PAYROLL DIRECT DEP,,false
u000001,u000001-crd,u000001-000012,2024-09-15,-60.20,Sprout Salads,SPROUT SALADS CARD PURCHASE,,false
u000001,u000001-crd,u000001-000013,2024-09-16,-139.81,Harvest Grocer,HARVEST GROCER CARD PURCHASE,,false
u000001,u000001-crd,u000001-000014,2024-09-18,-15.49,Streamly,STREAMLY RECURRING,,false
u000001,u000001-crd,u000001-000015,2024-09-19,-54.40,Sprout Salads,SPROUT SALADS CARD PURCHASE,,false
u000001,u000001-crd,u000001-000016,2024-09-19,-10.99,Tunewave,TUNEWAVE RECURRING,,false
u000001,u000001-chk,u000001-000017,2024-09-20,-484.19,Harbor Bank,TRANSFER TO SAVINGS,,false
u000001,u000001-crd,u000001-000018,2024-09-20,-49.50,Blue Door Cafe,BLUE DOOR CAFE CARD PURCHASE,,false
u000001,u000001-sav,u000001-000019,2024-09-21,484.19,Harbor Bank,TRANSFER FROM CHECKING,,false
u000001,u000001-crd,u000001-000020,2024-09-23,-182.96,Harvest Grocer,HARVEST GROCER CARD PURCHASE,,false
u000001,u000001-crd,u000001-000021,2024-09-25,-5.99,Podnest Premium,PODNEST PREMIUM RECURRING,,false
u000001,u000001-crd,u000001-000022,2024-09-27,-39.69,Luna Noodle Bar,LUNA NOODLE BAR CARD PURCHASE,,false
u000001,u000001-crd,u000001-000023,2024-09-28,-34.77,Sprout Salads,SPROUT SALADS CARD PURCHASE,,false
u000001,u000001-crd,u000001-000024,2024-09-29,-42.56,Sprout Salads,SPROUT SALADS CARD PURCHASE,,false
u000001,u000001-crd,u000001-000025,2024-09-30,-90.86,Corner Pantry,CORNER PANTRY CARD PURCHASE,,false
u000001,u000001-chk,u000001-000026,2024-10-01,3372.46,Cedar Logistics Payroll,CEDAR LOGISTICS PAYROLL DIRECT DEP,,false
u000001,u000001-chk,u000001-000027,2024-10-01,-1960.40,Riverside Apartments,RIVERSIDE APARTMENTS RENT,,false
u000001,u000001-crd,u000001-000028,2024-10-01,-17.32,Blue Door Cafe,BLUE DOOR CAFE CARD PURCHASE,,false
u000001,u000001-crd,u000001-000029,2024-10-02,-128.58,Greenleaf Market,GREENLEAF MARKET CARD PURCHASE,,false
u000001,u000001-chk,u000001-000030,2024-10-05,-1113.37,Beacon Card,BEACON CARD AUTOPAY PAYMENT,,false
u000001,u000001-chk,u000001-000031,2024-10-05,-262.52,Harbor Bank,TRANSFER TO SAVINGS,,false
u000001,u000001-crd,u000001-000032,2024-10-06,-57.69,Luna Noodle Bar,LUNA NOODLE BAR CARD PURCHASE,,false
u000001,u000001-crd,u000001-000033,2024-10-06,-8.00,NewsDaily,NEWSDAILY RECURRING,,false
u000001,u000001-crd,u000001-000034,2024-10-07,1113.37,Beacon Card,PAYMENT RECEIVED THANK YOU,,false
u000001,u000001-sav,u000001-000035,2024-10-07,262.52,Harbor Bank,TRANSFER FROM CHECKING,,false
u000001,u000001-crd,u000001-000036,2024-10-09,-177.28,Corner Pantry,CORNER PANTRY CARD PURCHASE,Groceries,false
u000001,u000001-crd,u000001-000037,2024-10-12,-22.70,Ember Pizza,EMBER PIZZA CARD PURCHASE,,false
u000001,u000001-crd,u000001-000038,2024-10-14,-58.12,Sprout Salads,SPROUT SALADS CARD PURCHASE,,false
u000001,u000001-chk,u000001-000039,2024-10-15,3372.46,Cedar Logistics Payroll,CEDAR LOGISTICS PAYROLL DIRECT DEP,,false
u000001,u000001-crd,u000001-000040,2024-10-15,-44.39,Sprout Salads,SPROUT SALADS CARD PURCHASE,,false
u000001,u000001-crd,u000001-000041,2024-10-16,-87.13,Greenleaf Market,GREENLEAF MARKET CARD PURCHASE,,false
u000001,u000001-crd,u000001-000042,2024-10-18,-33.61,Luna Noodle Bar,LUNA NOODLE BAR CARD PURCHASE,,false
u000001,u000001-crd,u000001-000043,2024-10-18,-15.49,Streamly,STREAMLY RECURRING,,false
u000001,u000001-crd,u000001-000044,2024-10-19,-10.99,Tunewave,TUNEWAVE RECURRING,,false
u000001,u000001-crd,u000001-000045,2024-10-20,-27.50,Luna Noodle Bar,LUNA NOODLE BAR CARD PURCHASE,,false
u000001,u000001-crd,u000001-000046,2024-10-22,-33.33,Sprout Salads,SPROUT SALADS CARD PURCHASE,,false
u000001,u000001-crd,u000001-000047,2024-10-23,-85.85,Greenleaf Market,GREENLEAF MARKET CARD PURCHASE,,false
u000001,u000001-crd,u000001-000048,2024-10-25,-5.99,Podnest Premium,PODNEST PREMIUM RECURRING,,false
u000001,u000001-crd,u000001-000049,2024-10-27,-34.81,Blue Door Cafe,BLUE DOOR CAFE CARD PURCHASE,,false
u000001,u000001-crd,u000001-000050,2024-10-27,-27.20,Ember Pizza,EMBER PIZZA CARD PURCHASE,,false
u000001,u000001-crd,u000001-000051,2024-10-29,-66.34,Luna Noodle Bar,LUNA NOODLE BAR CARD PURCHASE,,false
u000001,u000001-crd,u000001-000052,2024-10-30,-90.86,Corner Pantry,CORNER PANTRY CARD PURCHASE,,false
u000001,u000001-crd,u000001-000053,2024-10-31,-45.33,Sprout Salads,SPROUT SALADS CARD PURCHASE,,false
u000001,u000001-chk,u000001-000054,2024-11-01,3372.46,Cedar Logistics Payroll,CEDAR LOGISTICS PAYROLL DIRECT DEP,,false
u000001,u000001-chk,u000001-000055,2024-11-01,-1960.40,Riverside Apartments,RIVERSIDE APARTMENTS RENT,,false
u000001,u000001-crd,u000001-000056,2024-11-01,-45.71,Blue Door Cafe,BLUE DOOR CAFE CARD PURCHASE,,false
u000001,u000001-chk,u000001-000057,2024-11-02,-699.19,Harbor Bank,TRANSFER TO SAVINGS,,false
u000001,u000001-crd,u000001-000058,2024-11-02,-50.49,Harvest Grocer,HARVEST GROCER CARD PURCHASE,,false
u000001,u000001-sav,u000001-000059,2024-11-03,699.19,Harbor Bank,TRANSFER FROM CHECKING,,false
u000001,u000001-chk,u000001-000060,2024-11-05,-1078.51,Beacon Card,BEACON CARD AUTOPAY PAYMENT,,false
u000001,u000001-crd,u000001-000061,2024-11-06,-8.00,NewsDaily,NEWSDAILY RECURRING,,false
u000001,u000001-crd,u000001-000062,2024-11-06,1078.51,Beacon Card,PAYMENT RECEIVED THANK YOU,,false
u000001,u000001-crd,u000001-000063,2024-11-07,-65.98,Blue Door Cafe,BLUE DOOR CAFE CARD PURCHASE,,false
u000001,u000001-crd,u000001-000064,2024-11-09,-161.76,Corner Pantry,CORNER PANTRY CARD PURCHASE,,false
u000001,u000001-crd,u000001-000065,2024-11-13,-39.70,Sprout Salads,SPROUT SALADS CARD PURCHASE,,false
u000001,u000001-chk,u000001-000066,2024-11-15,3372.46,Cedar Logistics Payroll,CEDAR LOGISTICS PAYROLL DIRECT DEP,,false
u000001,u000001-crd,u000001-000067,2024-11-15,-49.31,Ember Pizza,EMBER PIZZA CARD PURCHASE,,false
u000001,u000001-crd,u000001-000068,2024-11-15,-44.17,Ember Pizza,EMBER PIZZA CARD PURCHASE,,false
u000001,u000001-crd,u000001-000069,2024-11-16,-32.63,Blue Door Cafe,BLUE DOOR CAFE CARD PURCHASE,,false
u000001,u000001-crd,u000001-000070,2024-11-16,-93.71,Harvest Grocer,HARVEST GROCER CARD PURCHASE,,false
u000001,u000001-crd,u000001-000071,2024-11-18,-15.49,Streamly,STREAMLY RECURRING,,false
u000001,u000001-crd,u000001-000072,2024-11-19,-10.99,Tunewave,TUNEWAVE RECURRING,,false
u000001,u000001-chk,u000001-000073,2024-11-20,-504.52,Harbor Bank,TRANSFER TO SAVINGS,,false
u000001,u000001-sav,u000001-000074,2024-11-21,504.52,Harbor Bank,TRANSFER FROM CHECKING,,false
u000001,u000001-crd,u000001-000075,2024-11-23,-111.28,Harvest Grocer,HARVEST GROCER CARD PURCHASE,,false
u000001,u000001-crd,u000001-000076,2024-11-25,-5.99,Podnest Premium,PODNEST PREMIUM RECURRING,,false
u000001,u000001-crd,u000001-000077,2024-11-26,-30.47,Luna Noodle Bar,LUNA NOODLE BAR CARD PURCHASE,,false
u000001,u000001-crd,u000001-000078,2024-11-26,-33.14,Sprout Salads,SPROUT SALADS CARD PURCHASE,,false
u000001,u000001-crd,u000001-000079,2024-11-29,-34.02,Blue Door Cafe,BLUE DOOR CAFE CARD PURCHASE,,false
u000001,u000001-crd,u000001-000080,2024-11-30,-48.25,Blue Door Cafe,BLUE DOOR CAFE CARD PURCHASE,,false
u000001,u000001-crd,u000001-000081,2024-11-30,-96.61,Harvest Grocer,HARVEST GROCER CARD PURCHASE,,false
u000002,u000002-chk,u000002-000000,2024-09-01,2706.45,Cedar Logistics Payroll,CEDAR LOGISTICS PAYROLL DIRECT DEP,,false
u000002,u000002-chk,u000002-000001,2024-09-01,-1212.25,Oakline Property Mgmt,OAKLINE PROPERTY MGMT RENT,,false
u000002,u000002-crd,u000002-000002,2024-09-02,-2.56,Ember Pizza,EMBER PIZZA CARD PURCHASE,,false
u000002,u000002-crd,u000002-000003,2024-09-02,-11.99,Readly Books,READLY BOOKS RECURRING,,false
u000002,u000002-crd,u000002-000004,2024-09-04,-19.30,Sprout Salads,SPROUT SALADS CARD PURCHASE,,false
u000002,u000002-crd,u000002-000005,2024-09-05,-10.99,Tunewave,TUNEWAVE RECURRING,,false
u000002,u000002-crd,u000002-000006,2024-09-07,-177.98,Greenleaf Market,GREENLEAF MARKET CARD PURCHASE,,false
u000002,u000002-crd,u000002-000007,2024-09-08,-2.99,CloudVault,CLOUDVAULT RECURRING,,false
u000002,u000002-crd,u000002-000008,2024-09-12,-17.66,Luna Noodle Bar,LUNA NOODLE BAR CARD PURCHASE,,false
u000002,u000002-crd,u000002-000009,2024-09-14,-166.66,Harvest Grocer,HARVEST GROCER CARD PURCHASE,,false
u000002,u000002-chk,u000002-000010,2024-09-15,2706.45,Cedar Logistics Payroll,CEDAR LOGISTICS PAYROLL DIRECT DEP,,false
u000002,u000002-crd,u000002-000011,2024-09-16,-21.20,Blue Door Cafe,BLUE DOOR CAFE CARD PURCHASE,,false
u000002,u000002-chk,u000002-000012,2024-09-19,-740.41,Summit Credit Union,TRANSFER TO SAVINGS,,false
u000002,u000002-crd,u000002-000013,2024-09-21,-153.87,Corner Pantry,CORNER PANTRY CARD PURCHASE,,false
u000002,u000002-crd,u000002-000014,2024-09-21,-17.17,Ember Pizza,EMBER PIZZA CARD PURCHASE,,false
u000002,u000002-crd,u000002-000015,2024-09-23,-23.36,Ember Pizza,EMBER PIZZA CARD PURCHASE,,false
u000002,u000002-sav,u000002-000016,2024-09-23,740.41,Summit Credit Union,TRANSFER FROM CHECKING,,false
u000002,u000002-crd,u000002-000017,2024-09-26,-14.99,GameArc,GAMEARC RECURRING,,false
u000002,u000002-crd,u000002-000018,2024-09-27,-39.00,FitHub Gym,FITHUB GYM RECURRING,,false
u000002,u000002-crd,u000002-000019,2024-09-28,-98.43,Greenleaf Market,GREENLEAF MARKET CARD PURCHASE,,false
u000002,u000002-crd,u000002-000020,2024-09-29,-26.26,Sprout Salads,SPROUT SALADS CARD PURCHASE,,false
u000002,u000002-crd,u000002-000021,2024-09-30,-19.54,Blue Door Cafe,BLUE DOOR CAFE CARD PURCHASE,,false
u000002,u000002-crd,u000002-000022,2024-09-30,-22.97,Sprout Salads,SPROUT SALADS CARD PURCHASE,,false
u000002,u000002-chk,u000002-000023,2024-10-01,2706.45,Cedar Logistics Payroll,CEDAR LOGISTICS PAYROLL DIRECT DEP,,false
u000002,u000002-chk,u000002-000024,2024-10-01,-1212.25,Oakline Property Mgmt,OAKLINE PROPERTY MGMT RENT,,false
u000002,u000002-crd,u000002-000025,2024-10-01,-22.43,Blue Door Cafe,BLUE DOOR CAFE CARD PURCHASE,,false
u000002,u000002-crd,u000002-000026,2024-10-02,-11.99,Readly Books,READLY BOOKS RECURRING,,false
u000002,u000002-chk,u000002-000027,2024-10-05,-846.92,Beacon Card,BEACON CARD AUTOPAY PAYMENT,,false
u000002,u000002-crd,u000002-000028,2024-10-05,846.92,Beacon Card,PAYMENT RECEIVED THANK YOU,,false
u000002,u000002-crd,u000002-000029,2024-10-05,-10.99,Tunewave,TUNEWAVE RECURRING,,false
u000002,u000002-crd,u000002-000030,2024-10-07,-142.93,Corner Pantry,CORNER PANTRY CARD PURCHASE,Groceries,false
u000002,u000002-crd,u000002-000031,2024-10-08,-2.99,CloudVault,CLOUDVAULT RECURRING,,false
u000002,u000002-crd,u000002-000032,2024-10-08,-10.12,Ember Pizza,EMBER PIZZA CARD PURCHASE,,false
u000002,u000002-crd,u000002-000033,2024-10-09,-31.05,Luna Noodle Bar,LUNA NOODLE BAR CARD PURCHASE,,false
u000002,u000002-chk,u000002-000034,2024-10-10,-845.17,Summit Credit Union,TRANSFER TO SAVINGS,,false
u000002,u000002-sav,u000002-000035,2024-10-10,845.17,Summit Credit Union,TRANSFER FROM CHECKING,,false
u000002,u000002-crd,u000002-000036,2024-10-14,-126.13,Corner Pantry,CORNER PANTRY CARD PURCHASE,Groceries,false
u000002,u000002-chk,u000002-000037,2024-10-15,2706.45,Cedar Logistics Payroll,CEDAR LOGISTICS PAYROLL DIRECT DEP,,false
u000002,u000002-chk,u000002-000038,2024-10-15,-715.93,Summit Credit Union,TRANSFER TO SAVINGS,,false
u000002,u000002-crd,u000002-000039,2024-10-15,-24.42,Ember Pizza,EMBER PIZZA CARD PURCHASE,,false
u000002,u000002-crd,u000002-000040,2024-10-17,-20.46,Blue Door Cafe,BLUE DOOR CAFE CARD PURCHASE,,false
u000002,u000002-crd,u000002-000041,2024-10-17,-13.75,Luna Noodle Bar,LUNA NOODLE BAR CARD PURCHASE,,false
u000002,u000002-sav,u000002-000042,2024-10-19,715.93,Summit Credit Union,TRANSFER FROM CHECKING,,false
u000002,u000002-crd,u000002-000043,2024-10-21,-123.89,Harvest Grocer,HARVEST GROCER CARD PURCHASE,,false
u000002,u000002-crd,u000002-000044,2024-10-23,-21.45,Luna Noodle Bar,LUNA NOODLE BAR CARD PURCHASE,,false
u000002,u000002-crd,u000002-000045,2024-10-26,-14.99,GameArc,GAMEARC RECURRING,,false
u000002,u000002-crd,u000002-000046,2024-10-27,-39.00,FitHub Gym,FITHUB GYM RECURRING,,false
u000002,u000002-crd,u000002-000047,2024-10-28,-162.17,Corner Pantry,CORNER PANTRY CARD PURCHASE,Groceries,false
u000002,u000002-crd,u000002-000048,2024-10-29,-23.42,Luna Noodle Bar,LUNA NOODLE BAR CARD PURCHASE,,false
u000002,u000002-crd,u000002-000049,2024-10-31,-23.49,Luna Noodle Bar,LUNA NOODLE BAR CARD PURCHASE,,false
u000002,u000002-crd,u000002-000050,2024-10-31,-17.08,Luna Noodle Bar,LUNA NOODLE BAR CARD PURCHASE,,false
u000002,u000002-chk,u000002-000051,2024-11-01,2706.45,Cedar Logistics Payroll,CEDAR LOGISTICS PAYROLL DIRECT DEP,,false
u000002,u000002-chk,u000002-000052,2024-11-01,-1212.25,Oakline Property Mgmt,OAKLINE PROPERTY MGMT RENT,,false
u000002,u000002-crd,u000002-000053,2024-11-02,-11.99,Readly Books,READLY BOOKS RECURRING,,false
u000002,u000002-crd,u000002-000054,2024-11-04,-22.89,Blue Door Cafe,BLUE DOOR CAFE CARD PURCHASE,,false
u000002,u000002-chk,u000002-000055,2024-11-05,-842.75,Beacon Card,BEACON CARD AUTOPAY PAYMENT,,false
u000002,u000002-crd,u000002-000056,2024-11-05,842.75,Beacon Card,PAYMENT RECEIVED THANK YOU,,false
u000002,u000002-crd,u000002-000057,2024-11-05,-10.99,Tunewave,TUNEWAVE RECURRING,,false
u000002,u000002-chk,u000002-000058,2024-11-06,-636.09,Summit Credit Union,TRANSFER TO SAVINGS,,false
u000002,u000002-crd,u000002-000059,2024-11-07,-139.63,Greenleaf Market,GREENLEAF MARKET CARD PURCHASE,,false
u000002,u000002-crd,u000002-000060,2024-11-08,-2.99,CloudVault,CLOUDVAULT RECURRING,,false
u000002,u000002-crd,u000002-000061,2024-11-10,-16.64,Luna Noodle Bar,LUNA NOODLE BAR CARD PURCHASE,,false
u000002,u000002-sav,u000002-000062,2024-11-10,636.09,Summit Credit Union,TRANSFER FROM CHECKING,,false
u000002,u000002-chk,u000002-000063,2024-11-11,-849.56,Summit Credit Union,TRANSFER TO SAVINGS,,false
u000002,u000002-sav,u000002-000064,2024-11-11,849.56,Summit Credit Union,TRANSFER FROM CHECKING,,false
u000002,u000002-crd,u000002-000065,2024-11-14,-106.70,Greenleaf Market,GREENLEAF MARKET CARD PURCHASE,,false
u000002,u000002-chk,u000002-000066,2024-11-15,2706.45,Cedar Logistics Payroll,CEDAR LOGISTICS PAYROLL DIRECT DEP,,false
u000002,u000002-crd,u000002-000067,2024-11-15,-30.16,Luna Noodle Bar,LUNA NOODLE BAR CARD PURCHASE,,false
u000002,u000002-crd,u000002-000068,2024-11-16,-23.93,Luna Noodle Bar,LUNA NOODLE BAR CARD PURCHASE,,false
u000002,u000002-crd,u000002-000069,2024-11-17,-13.59,Blue Door Cafe,BLUE DOOR CAFE CARD PURCHASE,,false
u000002,u000002-crd,u000002-000070,2024-11-21,-83.24,Harvest Grocer,HARVEST GROCER CARD PURCHASE,,false
u000002,u000002-crd,u000002-000071,2024-11-22,-19.21,Blue Door Cafe,BLUE DOOR CAFE CARD PURCHASE,,false
u000002,u000002-crd,u000002-000072,2024-11-26,-14.99,GameArc,GAMEARC RECURRING,,false
u000002,u000002-crd,u000002-000073,2024-11-27,-39.00,FitHub Gym,FITHUB GYM RECURRING,,false
u000002,u000002-crd,u000002-000074,2024-11-28,-68.84,Corner Pantry,CORNER PANTRY CARD PURCHASE,,false
u000002,u000002-crd,u000002-000075,2024-11-29,-18.55,Sprout Salads,SPROUT SALADS CARD PURCHASE,,false
u000003,u000003-chk,u000003-000000,2024-09-01,2278.15,Cedar Logistics Payroll,CEDAR LOGISTICS PAYROLL DIRECT DEP,,false
u000003,u000003-chk,u000003-000001,2024-09-01,-2584.77,Riverside Apartments,RIVERSIDE APARTMENTS RENT,,false
u000003,u000003-crd,u000003-000002,2024-09-01,-8.00,NewsDaily,NEWSDAILY RECURRING,,false
u000003,u000003-crd,u000003-000003,2024-09-04,-191.99,Corner Pantry,CORNER PANTRY CARD PURCHASE,,false
u000003,u000003-crd,u000003-000004,2024-09-04,-33.16,Sprout Salads,SPROUT SALADS CARD PURCHASE,,false
u000003,u000003-crd,u000003-000005,2024-09-04,-30.91,Sprout Salads,SPROUT SALADS CARD PURCHASE,,false
u000003,u000003-crd,u000003-000006,2024-09-06,-14.99,GameArc,GAMEARC RECURRING,,false
u000003,u000003-chk,u000003-000007,2024-09-11,-308.72,Prairie Savings,TRANSFER TO SAVINGS,,false
u000003,u000003-crd,u000003-000008,2024-09-11,-156.66,Harvest Grocer,HARVEST GROCER CARD PURCHASE,,false
u000003,u000003-crd,u000003-000009,2024-09-11,-32.13,Sprout Salads,SPROUT SALADS CARD PURCHASE,,false
u000003,u000003-crd,u000003-000010,2024-09-12,-49.48,Blue Door Cafe,BLUE DOOR CAFE CARD PURCHASE,,false
u000003,u000003-crd,u000003-000011,2024-09-13,-47.30,Ember Pizza,EMBER PIZZA CARD PURCHASE,,false
u000003,u000003-sav,u000003-000012,2024-09-13,308.72,Prairie Savings,TRANSFER FROM CHECKING,,false
u000003,u000003-chk,u000003-000013,2024-09-15,2278.15,Cedar Logistics Payroll,CEDAR LOGISTICS PAYROLL DIRECT DEP,,false
u000003,u000003-crd,u000003-000014,2024-09-16,-44.26,Blue Door Cafe,BLUE DOOR CAFE CARD PURCHASE,,false
u000003,u000003-crd,u000003-000015,2024-09-18,-161.52,Corner Pantry,CORNER PANTRY CARD PURCHASE,,false
u000003,u000003-crd,u000003-000016,2024-09-18,-27.47,Ember Pizza,EMBER PIZZA CARD PURCHASE,,false
u000003,u000003-crd,u000003-000017,2024-09-19,-5.99,Podnest Premium,PODNEST PREMIUM RECURRING,,false
u000003,u000003-chk,u000003-000018,2024-09-24,-598.94,Prairie Savings,TRANSFER TO SAVINGS,,false
u000003,u000003-crd,u000003-000019,2024-09-24,-43.59,Sprout Salads,SPROUT SALADS CARD PURCHASE,,false
u000003,u000003-sav,u000003-000020,2024-09-24,598.94,Prairie Savings,TRANSFER FROM CHECKING,,false
u000003,u000003-crd,u000003-000021,2024-09-25,-39.00,FitHub Gym,FITHUB GYM RECURRING,,false
u000003,u000003-crd,u000003-000022,2024-09-25,-85.23,Greenleaf Market,GREENLEAF MARKET CARD PURCHASE,,false
u000003,u000003-crd,u000003-000023,2024-09-26,-34.79,Ember Pizza,EMBER PIZZA CARD PURCHASE,,false
u000003,u000003-crd,u000003-000024,2024-09-27,-10.99,Tunewave,TUNEWAVE RECURRING,,false
u000003,u000003-crd,u000003-000025,2024-09-29,-35.58,Luna Noodle Bar,LUNA NOODLE BAR CARD PURCHASE,,false
u000003,u000003-crd,u000003-000026,2024-09-30,-49.85,Sprout Salads,SPROUT SALADS CARD PURCHASE,,false
u000003,u000003-crd,u000003-000027,2024-09-30,-33.36,Sprout Salads,SPROUT SALADS CARD PURCHASE,,false
u000003,u000003-chk,u000003-000028,2024-10-01,2278.15,Cedar Logistics Payroll,CEDAR LOGISTICS PAYROLL DIRECT DEP,,false
u000003,u000003-chk,u000003-000029,2024-10-01,-2584.77,Riverside Apartments,RIVERSIDE APARTMENTS RENT,,false
u000003,u000003-crd,u000003-000030,2024-10-01,-45.97,Luna Noodle Bar,LUNA NOODLE BAR CARD PURCHASE,,false
u000003,u000003-crd,u000003-000031,2024-10-01,-8.00,NewsDaily,NEWSDAILY RECURRING,,false
u000003,u000003-chk,u000003-000032,2024-10-02,-415.79,Prairie Savings,TRANSFER TO SAVINGS,,false
u000003,u000003-crd,u000003-000033,2024-10-04,-21.82,Ember Pizza,EMBER PIZZA CARD PURCHASE,,false
u000003,u000003-crd,u000003-000034,2024-10-04,-152.03,Harvest Grocer,HARVEST GROCER CARD PURCHASE,,false
u000003,u000003-sav,u000003-000035,2024-10-04,415.79,Prairie Savings,TRANSFER FROM CHECKING,,false
u000003,u000003-chk,u000003-000036,2024-10-05,-1136.25,Beacon Card,BEACON CARD AUTOPAY PAYMENT,,false
u000003,u000003-crd,u000003-000037,2024-10-06,-14.99,GameArc,GAMEARC RECURRING,,false
u000003,u000003-crd,u000003-000038,2024-10-06,1136.25,Beacon Card,PAYMENT RECEIVED THANK YOU,,false
u000003,u000003-crd,u000003-000039,2024-10-08,-42.06,Blue Door Cafe,BLUE DOOR CAFE CARD PURCHASE,,false
u000003,u000003-crd,u000003-000040,2024-10-11,-158.73,Corner Pantry,CORNER PANTRY CARD PURCHASE,,false
u000003,u000003-crd,u000003-000041,2024-10-11,-31.01,Ember Pizza,EMBER PIZZA CARD PURCHASE,,false
u000003,u000003-crd,u000003-000042,2024-10-13,-35.72,Blue Door Cafe,BLUE DOOR CAFE CARD PURCHASE,,false
u000003,u000003-chk,u000003-000043,2024-10-15,2278.15,Cedar Logistics Payroll,CEDAR LOGISTICS PAYROLL DIRECT DEP,,false
u000003,u000003-chk,u000003-000044,2024-10-17,-374.90,Prairie Savings,TRANSFER TO SAVINGS,,false
u000003,u000003-crd,u000003-000045,2024-10-17,-37.28,Luna Noodle Bar,LUNA NOODLE BAR CARD PURCHASE,,false
u000003,u000003-crd,u000003-000046,2024-10-18,-159.19,Greenleaf Market,GREENLEAF MARKET CARD PURCHASE,,false
u000003,u000003-crd,u000003-000047,2024-10-18,-41.75,Sprout Salads,SPROUT SALADS CARD PURCHASE,,false
u000003,u000003-crd,u000003-000048,2024-10-19,-5.99,Podnest Premium,PODNEST PREMIUM RECURRING,,false
u000003,u000003-crd,u000003-000049,2024-10-20,-40.53,Ember Pizza,EMBER PIZZA CARD PURCHASE,,false
u000003,u000003-sav,u000003-000050,2024-10-20,374.90,Prairie Savings,TRANSFER FROM CHECKING,,false
u000003,u000003-crd,u000003-000051,2024-10-22,-45.10,Luna Noodle Bar,LUNA NOODLE BAR CARD PURCHASE,,false
u000003,u000003-crd,u000003-000052,2024-10-23,-32.52,Ember Pizza,EMBER PIZZA CARD PURCHASE,,false
u000003,u000003-crd,u000003-000053,2024-10-25,-181.51,Corner Pantry,CORNER PANTRY CARD PURCHASE,,false
u000003,u000003-crd,u000003-000054,2024-10-25,-39.00,FitHub Gym,FITHUB GYM RECURRING,,false
u000003,u000003-crd,u000003-000055,2024-10-27,-10.99,Tunewave,TUNEWAVE RECURRING,,false
u000003,u000003-crd,u000003-000056,2024-10-30,-35.44,Luna Noodle Bar,LUNA NOODLE BAR CARD PURCHASE,,false
u000003,u000003-chk,u000003-000057,2024-11-01,2278.15,Cedar Logistics Payroll,CEDAR LOGISTICS PAYROLL DIRECT DEP,,false
u000003,u000003-chk,u000003-000058,2024-11-01,-2584.77,Riverside Apartments,RIVERSIDE APARTMENTS RENT,,false
u000003,u000003-crd,u000003-000059,2024-11-01,-8.00,NewsDaily,NEWSDAILY RECURRING,,false
u000003,u000003-crd,u000003-000060,2024-11-04,-250.68,Greenleaf Market,GREENLEAF MARKET CARD PURCHASE,,false
u000003,u000003-chk,u000003-000061,2024-11-05,-1139.63,Beacon Card,BEACON CARD AUTOPAY PAYMENT,,false
u000003,u000003-crd,u000003-000062,2024-11-06,-40.82,Blue Door Cafe,BLUE DOOR CAFE CARD PURCHASE,,false
u000003,u000003-crd,u000003-000063,2024-11-06,-14.99,GameArc,GAMEARC RECURRING,,false
u000003,u000003-crd,u000003-000064,2024-11-08,-28.17,Blue Door Cafe,BLUE DOOR CAFE CARD PURCHASE,,false
u000003,u000003-crd,u000003-000065,2024-11-08,1139.63,Beacon Card,PAYMENT RECEIVED THANK YOU,,false
u000003,u000003-crd,u000003-000066,2024-11-09,-31.72,Luna Noodle Bar,LUNA NOODLE BAR CARD PURCHASE,,false
u000003,u000003-crd,u000003-000067,2024-11-11,-159.59,Greenleaf Market,GREENLEAF MARKET CARD PURCHASE,,false
u000003,u000003-chk,u000003-000068,2024-11-13,-381.02,Prairie Savings,TRANSFER TO SAVINGS,,false
u000003,u000003-chk,u000003-000069,2024-11-15,2278.15,Cedar Logistics Payroll,CEDAR LOGISTICS PAYROLL DIRECT DEP,,false
u000003,u000003-sav,u000003-000070,2024-11-15,381.02,Prairie Savings,TRANSFER FROM CHECKING,,false
u000003,u000003-crd,u000003-000071,2024-11-16,-29.44,Blue Door Cafe,BLUE DOOR CAFE CARD PURCHASE,,false
u000003,u000003-crd,u000003-000072,2024-11-18,-194.22,Harvest Grocer,HARVEST GROCER CARD PURCHASE,,false
u000003,u000003-crd,u000003-000073,2024-11-19,-5.99,Podnest Premium,PODNEST PREMIUM RECURRING,,false
u000003,u000003-crd,u000003-000074,2024-11-24,-33.35,Sprout Salads,SPROUT SALADS CARD PURCHASE,,false
u000003,u000003-crd,u000003-000075,2024-11-25,-74.54,Corner Pantry,CORNER PANTRY CARD PURCHASE,,false
u000003,u000003-crd,u000003-000076,2024-11-25,-39.00,FitHub Gym,FITHUB GYM RECURRING,,false
u000003,u000003-crd,u000003-000077,2024-11-25,-33.16,Luna Noodle Bar,LUNA NOODLE BAR CARD PURCHASE,,false
u000003,u000003-crd,u000003-000078,2024-11-27,-10.99,Tunewave,TUNEWAVE RECURRING,,false
u000003,u000003-crd,u000003-000079,2024-11-29,-30.15,Luna Noodle Bar,LUNA NOODLE BAR CARD PURCHASE,,false
u000003,u000003-crd,u000003-000080,2024-11-30,-35.76,Blue Door Cafe,BLUE DOOR CAFE CARD PURCHASE,,false
u000004,u000004-chk,u000004-000000,2024-09-01,3018.05,Northwind Payroll,NORTHWIND PAYROLL DIRECT DEP,,false
u000004,u000004-chk,u000004-000001,2024-09-01,-1621.16,Riverside Apartments,RIVERSIDE APARTMENTS RENT,,false
u000004,u000004-chk,u000004-000002,2024-09-03,-416.08,Summit Credit Union,TRANSFER TO SAVINGS,,false
u000004,u000004-sav,u000004-000003,2024-09-03,416.08,Summit Credit Union,TRANSFER FROM CHECKING,,false
u000004,u000004-crd,u000004-000004,2024-09-06,-88.81,Corner Pantry,CORNER PANTRY CARD PURCHASE,Groceries,false
u000004,u000004-crd,u000004-000005,2024-09-06,-34.37,Sprout Salads,SPROUT SALADS CARD PURCHASE,,false
u000004,u000004-crd,u000004-000006,2024-09-06,-22.94,Sprout Salads,SPROUT SALADS CARD PURCHASE,,false
u000004,u000004-crd,u000004-000007,2024-09-07,-13.05,Ember Pizza,EMBER PIZZA CARD PURCHASE,,false
u000004,u000004-crd,u000004-000008,2024-09-07,-15.49,Streamly,STREAMLY RECURRING,,false
u000004,u000004-crd,u000004-000009,2024-09-10,-34.53,Ember Pizza,EMBER PIZZA CARD PURCHASE,,false
u000004,u000004-crd,u000004-000010,2024-09-10,-28.29,Sprout Salads,SPROUT SALADS CARD PURCHASE,,false
u000004,u000004-crd,u000004-000011,2024-09-13,-150.89,Corner Pantry,CORNER PANTRY CARD PURCHASE,Groceries,false
u000004,u000004-crd,u000004-000012,2024-09-13,-11.99,Readly Books,READLY BOOKS RECURRING,,false
u000004,u000004-crd,u000004-000013,2024-09-13,-47.20,Sprout Salads,SPROUT SALADS CARD PURCHASE,,false
u000004,u000004-crd,u000004-000014,2024-09-14,-5.99,Podnest Premium,PODNEST PREMIUM RECURRING,,false
u000004,u000004-chk,u000004-000015,2024-09-15,3018.05,Northwind Payroll,NORTHWIND PAYROLL DIRECT DEP,,false
u000004,u000004-crd,u000004-000016,2024-09-17,-35.43,Sprout Salads,SPROUT SALADS CARD PURCHASE,,false
u000004,u000004-crd,u000004-000017,2024-09-18,-23.38,Sprout Salads,SPROUT SALADS CARD PURCHASE,,false
u000004,u000004-crd,u000004-000018,2024-09-19,-2.99,CloudVault,CLOUDVAULT RECURRING,,false
u000004,u000004-crd,u000004-000019,2024-09-20,-23.83,Blue Door Cafe,BLUE DOOR CAFE CARD PURCHASE,,false
u000004,u000004-crd,u000004-000020,2024-09-20,-69.47,Corner Pantry,CORNER PANTRY CARD PURCHASE,,false
u000004,u000004-crd,u000004-000021,2024-09-23,-41.68,Luna Noodle Bar,LUNA NOODLE BAR CARD PURCHASE,Travel,false
u000004,u000004-crd,u000004-000022,2024-09-26,-14.99,GameArc,GAMEARC RECURRING,,false
u000004,u000004-crd,u000004-000023,2024-09-27,-33.67,Blue Door Cafe,BLUE DOOR CAFE CARD PURCHASE,,false
u000004,u000004-crd,u000004-000024,2024-09-27,-104.78,Greenleaf Market,GREENLEAF MARKET CARD PURCHASE,,false
u000004,u000004-crd,u000004-000025,2024-09-28,-27.57,Luna Noodle Bar,LUNA NOODLE BAR CARD PURCHASE,,false
u000004,u000004-crd,u000004-000026,2024-09-29,-42.87,Sprout Salads,SPROUT SALADS CARD PURCHASE,,false
u000004,u000004-crd,u000004-000027,2024-09-29,-29.81,Sprout Salads,SPROUT SALADS CARD PURCHASE,,false
u000004,u000004-chk,u000004-000028,2024-10-01,3018.05,Northwind Payroll,NORTHWIND PAYROLL DIRECT DEP,,false
u000004,u000004-chk,u000004-000029,2024-10-01,-1621.16,Riverside Apartments,RIVERSIDE APARTMENTS RENT,,false
u000004,u000004-chk,u000004-000030,2024-10-05,-904.02,Beacon Card,BEACON CARD AUTOPAY PAYMENT,,false
u000004,u000004-crd,u000004-000031,2024-10-05,-29.11,Luna Noodle Bar,LUNA NOODLE BAR CARD PURCHASE,,false
u000004,u000004-crd,u000004-000032,2024-10-06,-78.11,Harvest Grocer,HARVEST GROCER CARD PURCHASE,,false
u000004,u000004-crd,u000004-000033,2024-10-07,904.02,Beacon Card,PAYMENT RECEIVED THANK YOU,,false
u000004,u000004-crd,u000004-000034,2024-10-07,-15.49,Streamly,STREAMLY RECURRING,,false
u000004,u000004-crd,u000004-000035,2024-10-11,-34.83,Ember Pizza,EMBER PIZZA CARD PURCHASE,,false
u000004,u000004-crd,u000004-000036,2024-10-13,-7.01,Blue Door Cafe,BLUE DOOR CAFE CARD PURCHASE,,false
u000004,u000004-crd,u000004-000037,2024-10-13,-109.03,Harvest Grocer,HARVEST GROCER CARD PURCHASE,,false
u000004,u000004-crd,u000004-000038,2024-10-13,-11.99,Readly Books,READLY BOOKS RECURRING,,false
u000004,u000004-crd,u000004-000039,2024-10-14,-29.41,Blue Door Cafe,BLUE DOOR CAFE CARD PURCHASE,,false
u000004,u000004-crd,u000004-000040,2024-10-14,-5.99,Podnest Premium,PODNEST PREMIUM RECURRING,,false
u000004,u000004-chk,u000004-000041,2024-10-15,3018.05,Northwind Payroll,NORTHWIND PAYROLL DIRECT DEP,,false
u000004,u000004-crd,u000004-000042,2024-10-15,-30.61,Luna Noodle Bar,LUNA NOODLE BAR CARD PURCHASE,,false
u000004,u000004-crd,u000004-000043,2024-10-17,-38.34,Luna Noodle Bar,LUNA NOODLE BAR CARD PURCHASE,,false
u000004,u000004-crd,u000004-000044,2024-10-17,-24.07,Sprout Salads,SPROUT SALADS CARD PURCHASE,,false
u000004,u000004-crd,u000004-000045,2024-10-19,-2.99,CloudVault,CLOUDVAULT RECURRING,,false
u000004,u000004-crd,u000004-000046,2024-10-20,-110.51,Greenleaf Market,GREENLEAF MARKET CARD PURCHASE,,false
u000004,u000004-chk,u000004-000047,2024-10-21,-714.79,Summit Credit Union,TRANSFER TO SAVINGS,,false
u000004,u000004-crd,u000004-000048,2024-10-22,-34.01,Sprout Salads,SPROUT SALADS CARD PURCHASE,,false
u000004,u000004-sav,u000004-000049,2024-10-22,714.79,Summit Credit Union,TRANSFER FROM CHECKING,,false
u000004,u000004-crd,u000004-000050,2024-10-26,-14.99,GameArc,GAMEARC RECURRING,,false
u000004,u000004-crd,u000004-000051,2024-10-27,-102.88,Greenleaf Market,GREENLEAF MARKET CARD PURCHASE,,false
u000004,u000004-crd,u000004-000052,2024-10-29,-34.50,Sprout Salads,SPROUT SALADS CARD PURCHASE,,false
u000004,u000004-chk,u000004-000053,2024-11-01,3018.05,Northwind Payroll,NORTHWIND PAYROLL DIRECT DEP,,false
u000004,u000004-chk,u000004-000054,2024-11-01,-1621.16,Riverside Apartments,RIVERSIDE APARTMENTS RENT,,false
u000004,u000004-crd,u000004-000055,2024-11-03,-13.39,Blue Door Cafe,BLUE DOOR CAFE CARD PURCHASE,,false
u000004,u000004-chk,u000004-000056,2024-11-05,-713.87,Beacon Card,BEACON CARD AUTOPAY PAYMENT,,false
u000004,u000004-crd,u000004-000057,2024-11-05,713.87,Beacon Card,PAYMENT RECEIVED THANK YOU,,false
u000004,u000004-crd,u000004-000058,2024-11-06,-133.46,Corner Pantry,CORNER PANTRY CARD PURCHASE,,false
u000004,u000004-crd,u000004-000059,2024-11-06,-41.73,Luna Noodle Bar,LUNA NOODLE BAR CARD PURCHASE,,false
u000004,u000004-crd,u000004-000060,2024-11-07,-15.49,Streamly,STREAMLY RECURRING,,false
u000004,u000004-chk,u000004-000061,2024-11-10,-337.91,Summit Credit Union,TRANSFER TO SAVINGS,,false
u000004,u000004-crd,u000004-000062,2024-11-11,-35.32,Ember Pizza,EMBER PIZZA CARD PURCHASE,,false
u000004,u000004-sav,u000004-000063,2024-11-12,337.91,Summit Credit Union,TRANSFER FROM CHECKING,,false
u000004,u000004-crd,u000004-000064,2024-11-13,-142.21,Harvest Grocer,HARVEST GROCER CARD PURCHASE,,false
u000004,u000004-crd,u000004-000065,2024-11-13,-11.99,Readly Books,READLY BOOKS RECURRING,,false
u000004,u000004-crd,u000004-000066,2024-11-14,-5.99,Podnest Premium,PODNEST PREMIUM RECURRING,,false
u000004,u000004-chk,u000004-000067,2024-11-15,3018.05,Northwind Payroll,NORTHWIND PAYROLL DIRECT DEP,,false
u000004,u000004-crd,u000004-000068,2024-11-15,-22.29,Luna Noodle Bar,LUNA NOODLE BAR CARD PURCHASE,,false
u000004,u000004-crd,u000004-000069,2024-11-17,-43.42,Blue Door Cafe,BLUE DOOR CAFE CARD PURCHASE,,false
u000004,u000004-crd,u000004-000070,2024-11-19,-2.99,CloudVault,CLOUDVAULT RECURRING,,false
u000004,u000004-crd,u000004-000071,2024-11-20,-85.11,Harvest Grocer,HARVEST GROCER CARD PURCHASE,,false
u000004,u000004-crd,u000004-000072,2024-11-21,-26.36,Luna Noodle Bar,LUNA NOODLE BAR CARD PURCHASE,,false
u000004,u000004-crd,u000004-000073,2024-11-23,-40.02,Luna Noodle Bar,LUNA NOODLE BAR CARD PURCHASE,,false
u000004,u000004-chk,u000004-000074,2024-11-24,-827.68,Summit Credit Union,TRANSFER TO SAVINGS,,false
u000004,u000004-sav,u000004-000075,2024-11-25,827.68,Summit Credit Union,TRANSFER FROM CHECKING,,false
u000004,u000004-crd,u000004-000076,2024-11-26,-33.26,Ember Pizza,EMBER PIZZA CARD PURCHASE,,false
u000004,u000004-crd,u000004-000077,2024-11-26,-14.99,GameArc,GAMEARC RECURRING,,false
u000004,u000004-crd,u000004-000078,2024-11-27,-83.21,Harvest Grocer,HARVEST GROCER CARD PURCHASE,,false
u000004,u000004-crd,u000004-000079,2024-11-27,-30.38,Sprout Salads,SPROUT SALADS CARD PURCHASE,,false
u000004,u000004-crd,u000004-000080,2024-11-29,-32.29,Ember Pizza,EMBER PIZZA CARD PURCHASE,,false
